[{"C:\\Users\\Ray CJ\\AppData\\Roaming\\Sublime Text 3\\Packages\\User\\Package Syncing.sublime-settings": "ASCII"}, {"C:\\Users\\Ray CJ\\AppData\\Roaming\\Sublime Text 3\\Packages\\User\\Default (Windows).sublime-mousemap": "ASCII"}, {"C:\\Users\\Ray CJ\\AppData\\Roaming\\Sublime Text 3\\Packages\\User\\Default (Windows).sublime-keymap": "ASCII"}, {"C:\\Users\\Ray CJ\\Desktop\\session\\src\\com\\laoer\\session\\Enumerator.java": "ASCII"}, {"C:\\Users\\Ray CJ\\Desktop\\session\\src\\com\\laoer\\session\\HttpServletRequestWrapper.java": "ASCII"}, {"C:\\Users\\Ray CJ\\Desktop\\session\\src\\com\\laoer\\session\\HttpSessionSidWrapper.java": "ASCII"}, {"C:\\Users\\Ray CJ\\Desktop\\session\\src\\com\\laoer\\session\\HttpSessionWrapper.java": "ASCII"}, {"C:\\Users\\Ray CJ\\Desktop\\session\\src\\com\\laoer\\session\\MemcachedSessionFilter.java": "GB2312"}, {"C:\\Users\\Ray CJ\\AppData\\Roaming\\Sublime Text 3\\Packages\\User\\CTags.sublime-settings": "ASCII"}, {"C:\\Users\\Ray CJ\\AppData\\Roaming\\Sublime Text 3\\Packages\\User\\Preferences.sublime-settings": "ASCII"}, {"C:\\Users\\Ray CJ\\AppData\\Roaming\\Sublime Text 3\\Packages\\User\\SQL Beautifier.sublime-settings": "UTF-8"}, {"C:\\Users\\Ray CJ\\Desktop\\autoBuild_Def.js": "UTF-8"}, {"C:\\Users\\Ray CJ\\Desktop\\session\\\u6e05\u7406\u6570\u636e\u5e93\u65e5\u5fd7\u811a\u672c.sql": "GB2312"}, {"C:\\Users\\Ray CJ\\Desktop\\session\\.project": "ASCII"}, {"C:\\Users\\Ray CJ\\Desktop\\session\\.mymetadata": "ASCII"}, {"C:\\Users\\Ray CJ\\Desktop\\session\\.classpath": "ASCII"}, {"C:\\Users\\Ray CJ\\Desktop\\\u6e05\u7406\u6570\u636e\u5e93\u65e5\u5fd7\u811a\u672c.sql": "GB2312"}, {"C:\\Users\\Ray CJ\\Desktop\\\u591a\u7ebf\u7a0b\\AllotAction.java": "GB2312"}, {"C:\\Users\\Ray CJ\\AppData\\Roaming\\Sublime Text 3\\Packages\\User\\Side Bar.sublime-settings": "UTF-8"}, {"C:\\Users\\Ray CJ\\Desktop\\\u5012\u8ba1\u65f6.html": "UTF-8"}, {"C:\\Users\\Ray CJ\\Desktop\\ReadSmMidThread - \u526f\u672c.js": "GB2312"}, {"C:\\Users\\Ray CJ\\Desktop\\actionallot.java": "UTF-8"}, {"C:\\Users\\Ray CJ\\Desktop\\sdsada.js": "UTF-8"}, {"C:\\Users\\Ray CJ\\Desktop\\actionallot0119.java": "UTF-8"}, {"C:\\Users\\Ray CJ\\Desktop\\session\\WebContent\\WEB-INF\\web.xml": "ASCII"}, {"E:\\ecansoft\\apache-tomcat-6.0.45\\webapps\\Ecan_Platform\\WEB-INF\\classes\\META-INF\\maven\\com.strongsoft\\Ecan_Platform\\pom.xml": "UTF-8"}, {"E:\\ecansoft\\apache-tomcat-6.0.45\\webapps\\Ecan_Platform\\WEB-INF\\web.xml": "UTF-8"}, {"E:\\ecansoft\\VMdisk\\ecan_config\\Platform_SysConfig.xml": "UTF-8"}, {"C:\\Ubuntu\\Vagrantfile": "ASCII"}, {"C:\\Users\\Ray CJ\\Desktop\\Examples\\Example1\\src\\example1\\Example1.java": "ASCII"}, {"C:\\Users\\Ray CJ\\Desktop\\djsjdi.js": "UTF-8"}, {"D:\\myEclipse\\workspace\\My Eclipse10\\Ecan_JX\\WebRoot\\jsp\\jxkh\\kflr\\record_add4per.jsp": "UTF-8"}, {"C:\\Users\\Ray CJ\\Desktop\\moneyEmpBonusList.jsp": "UTF-8"}, {"C:\\Users\\Ray CJ\\Desktop\\moneyDeptBonusList.jsp": "UTF-8"}, {"E:\\ecansoft\\apache-tomcat-6.0.45\\ecan_config\\Platform_SysConfig.xml": "UTF-8"}, {"D:\\myEclipse\\workspace\\My Eclipse10\\Ecan_JX\\WebRoot\\jsp\\jxkh\\report\\BmGrSfxmReport.jsp": "UTF-8"}, {"C:\\Users\\Ray CJ\\Desktop\\DeptDataOptImpl.java": "GB2312"}, {"C:\\Users\\Ray CJ\\Desktop\\midDataInput_def.js": "UTF-8"}, {"D:\\myEclipse\\workspace\\My Eclipse10\\Ecan_JX\\WebRoot\\jsp\\base.jsp": "UTF-8"}, {"D:\\myEclipse\\workspace\\My Eclipse10\\Ecan_JX\\WebRoot\\jsp\\jxkh\\set\\formularUtil.jsp": "UTF-8"}, {"D:\\myEclipse\\workspace\\My Eclipse10\\Ecan_JX\\WebRoot\\jsp\\nsm\\report\\deptDisputeAnalyze.jsp": "UTF-8"}, {"C:\\Users\\Ray CJ\\Desktop\\midDataInput.js": "UTF-8"}, {"D:\\myEclipse\\workspace\\My Eclipse10\\Ecan_JX\\WebRoot\\jsp\\jxkh\\extend\\listData.jsp": "UTF-8"}, {"D:\\myEclipse\\workspace\\My Eclipse10\\Ecan_JX\\WebRoot\\jsp\\jxkh\\bonus\\bonusDestill.jsp": "UTF-8"}, {"D:\\myEclipse\\workspace\\My Eclipse10\\Ecan_JX\\WebRoot\\jsp\\jxkh\\bonus\\bonusModelTwo.jsp": "UTF-8"}, {"D:\\myEclipse\\workspace\\My Eclipse10\\Ecan_JX\\WebRoot\\jsp\\jxkh\\bonus\\bonusModelOne.jsp": "UTF-8"}, {"D:\\myEclipse\\workspace\\My Eclipse10\\Ecan_JX\\WebRoot\\jsp\\jxkh\\bonus\\bonusDestill4DRGS3.jsp": "UTF-8"}, {"C:\\Users\\Ray CJ\\Desktop\\DeptDataOptAction.java": "GB2312"}, {"D:\\myEclipse\\workspace\\My Eclipse10\\Ecan_JX\\src\\chineseConfig.xml": "UTF-8"}, {"D:\\myEclipse\\workspace\\My Eclipse10\\Ecan_JX\\src\\AutoUploadApplet.java": "GB2312"}, {"E:\\Library\\Downloads\\hm.js": "ASCII"}, {"C:\\Users\\Ray CJ\\Desktop\\edit.js": "UTF-8"}, {"C:\\Users\\Ray CJ\\.m2\\settings.xml": "ASCII"}, {"C:\\Users\\Ray CJ\\Desktop\\xs2.java": "UTF-8"}, {"D:\\gitLib\\seckill-master\\pom.xml": "UTF-8"}, {"D:\\gitLib\\seckill-master\\.gitignore": "ASCII"}, {"C:\\Users\\Ray CJ\\Desktop\\1048\u884cmoneyDeptBonusList.jsp": "UTF-8"}, {"C:\\Users\\Ray CJ\\Desktop\\excel\u5bfc\u5165\u7f3a\u5931\u7684\u5217.sql": "ASCII"}, {"C:\\Users\\Ray CJ\\Desktop\\\u7ee9\u6548\u5de5\u8d44\u65b9\u6848\u5b9a\u4e49.js": "UTF-8"}, {"C:\\Users\\Ray CJ\\Desktop\\liebiao.js": "UTF-8"}, {"C:\\Users\\Ray CJ\\Desktop\\111\u5012\u8ba1\u65f6.html": "UTF-8"}, {"D:\\myEclipse\\workspace\\My Eclipse10\\Ecan_JX\\WebRoot\\jsp\\jxkh\\bonus\\moneyDeptBonusList.jsp": "UTF-8"}, {"C:\\Users\\Ray CJ\\Desktop\\217\u5360\u6bd4\u7cfb\u6570.sql": "GB2312"}, {"C:\\Users\\Ray CJ\\Desktop\\ProductSmMidThread.java": "GB2312"}, {"C:\\Users\\Ray CJ\\Desktop\\ConsumeSmMidThread.java": "GB2312"}, {"C:\\Users\\Ray CJ\\Desktop\\distill.java": "UTF-8"}, {"C:\\Users\\Ray CJ\\Desktop\\Storage.java": "GB2312"}, {"C:\\Users\\Ray CJ\\Desktop\\214.sql": "UTF-8"}, {"C:\\Users\\Ray CJ\\Desktop\\214QQuestion.sql": "UTF-8"}, {"C:\\Users\\Ray CJ\\Desktop\\11.html": "UTF-8"}, {"E:\\ecansoft\\apache-tomcat-6.0.45\\webapps\\Ecan_Platform\\jsp\\image.jsp": "GB2312"}, {"E:\\ecansoft\\apache-tomcat-6.0.45\\webapps\\Ecan_Platform\\script\\common.js": "UTF-8"}, {"C:\\Users\\Ray CJ\\Desktop\\listdata.js": "ASCII"}, {"C:\\Users\\Ray CJ\\Desktop\\lihaile.js": "UTF-8"}, {"E:\\ecansoft\\apache-tomcat-6.0.45\\webapps\\Ecan_Platform\\WEB-INF\\classes\\com\\ecan\\platform\\service\\database_sql\\init_hbdwbh_data.sql": "UTF-8"}, {"E:\\ecansoft\\apache-tomcat-6.0.45\\webapps\\Ecan_Platform\\WEB-INF\\classes\\springmvc.xml": "UTF-8"}, {"E:\\ecansoft\\apache-tomcat-6.0.45\\webapps\\Ecan_Platform\\WEB-INF\\classes\\struts.xml": "ASCII"}, {"E:\\ecansoft\\apache-tomcat-6.0.45\\webapps\\Ecan_Platform\\META-INF\\maven\\com.strongsoft\\Ecan_Platform\\pom.properties": "ASCII"}, {"E:\\ecansoft\\apache-tomcat-6.0.45\\webapps\\Ecan_Platform\\META-INF\\maven\\com.strongsoft\\Ecan_Platform\\pom.xml": "UTF-8"}, {"C:\\Users\\Ray CJ\\Desktop\\queue.java": "UTF-8"}, {"C:\\Users\\Ray CJ\\Desktop\\C.java": "UTF-8"}, {"C:\\Users\\Ray CJ\\Desktop\\P.java": "UTF-8"}, {"C:\\Users\\Ray CJ\\Desktop\\ERROR.java": "UTF-8"}, {"C:\\Users\\Ray CJ\\Desktop\\ftest.java": "UTF-8"}, {"C:\\Users\\Ray CJ\\Desktop\\sql.java": "UTF-8"}, {"C:\\Users\\Ray CJ\\Desktop\\SQL1226sql.sql": "GB2312"}, {"E:\\ecansoft\\apache-tomcat-6.0.45\\webapps\\Ecan_Platform\\WEB-INF\\classes\\com\\ecan\\platform\\service\\database_sql\\init_22_jixiao.sql": "UTF-8"}, {"C:\\Users\\Ray CJ\\Desktop\\set.js": "UTF-8"}, {"C:\\Users\\Ray CJ\\Desktop\\T_T.html": "UTF-8"}, {"E:\\ecansoft\\apache-tomcat-6.0.45\\webapps\\examples\\WEB-INF\\web.xml": "ASCII"}, {"E:\\ecansoft\\apache-tomcat-6.0.45\\webapps\\Ecan_Platform\\WEB-INF\\classes\\\u6d41\u7a0b\u5bfc\u5165\u6587\u4ef6\u6837\u4f8b.xml": "UTF-8"}, {"E:\\ecansoft\\Platform_SysConfig.xml": "UTF-8"}, {"E:\\ecansoft\\apache-tomcat-6.0.45\\webapps\\Ecan_JX\\init_22_jixiao.sql": "UTF-8"}, {"E:\\ecansoft\\VMdisk\\grade_dept_detail_df.jsp": "UTF-8"}, {"E:\\ecansoft\\VMdisk\\reduceDeptZB_Def.js": "UTF-8"}, {"E:\\ecansoft\\VMdisk\\grade_DeptList.jsp": "UTF-8"}, {"C:\\Users\\Ray CJ\\Desktop\\newTime.js": "ASCII"}, {"E:\\ecansoft\\VMdisk\\Platform_SysConfig.xml": "UTF-8"}, {"C:\\Users\\Ray CJ\\Desktop\\reduceDeptZB_store.js": "ASCII"}, {"C:\\Users\\Ray CJ\\Desktop\\reduceDeptZB_Def.js": "UTF-8"}]